{"0.206190029779187":{"user_id":5},"0.7935824439971098":{"user_id":5},"0.2211732357055154":{"user_id":5}}